date,day_of_week,day_type,hour,minutes,taxi_count_minute0,taxi_length_minute0,taxi_count_minute1,taxi_length_minute1,taxi_count_minute2,taxi_length_minute2,taxi_count_minute3,taxi_length_minute3,taxi_count_minute4,taxi_length_minute4,taxi_count_minute5,taxi_length_minute5,taxi_count_minute6,taxi_length_minute6,taxi_count_minute7,taxi_length_minute7,taxi_count_minute8,taxi_length_minute8,taxi_count_minute9,taxi_length_minute9,taxi_count_minute10,taxi_length_minute10,taxi_count_minute11,taxi_length_minute11,taxi_count_minute12,taxi_length_minute12,taxi_count_minute13,taxi_length_minute13,taxi_count_minute14,taxi_length_minute14,taxi_count_minute15,taxi_length_minute15,taxi_count_minute16,taxi_length_minute16,taxi_count_minute17,taxi_length_minute17,taxi_count_minute18,taxi_length_minute18,taxi_count_minute19,taxi_length_minute19,taxi_count_minute20,taxi_length_minute20,taxi_count_minute21,taxi_length_minute21,taxi_count_minute22,taxi_length_minute22,taxi_count_minute23,taxi_length_minute23,taxi_count_minute24,taxi_length_minute24,taxi_count_minute25,taxi_length_minute25,taxi_count_minute26,taxi_length_minute26,taxi_count_minute27,taxi_length_minute27,taxi_count_minute28,taxi_length_minute28,taxi_count_minute29,taxi_length_minute29,taxi_count_minute30,taxi_length_minute30,taxi_count_minute31,taxi_length_minute31,taxi_count_minute32,taxi_length_minute32,taxi_count_minute33,taxi_length_minute33,taxi_count_minute34,taxi_length_minute34,taxi_count_minute35,taxi_length_minute35,taxi_count_minute36,taxi_length_minute36,taxi_count_minute37,taxi_length_minute37,taxi_count_minute38,taxi_length_minute38,taxi_count_minute39,taxi_length_minute39,taxi_count_minute40,taxi_length_minute40,taxi_count_minute41,taxi_length_minute41,taxi_count_minute42,taxi_length_minute42,taxi_count_minute43,taxi_length_minute43,taxi_count_minute44,taxi_length_minute44,taxi_count_minute45,taxi_length_minute45,taxi_count_minute46,taxi_length_minute46,taxi_count_minute47,taxi_length_minute47,taxi_count_minute48,taxi_length_minute48,taxi_count_minute49,taxi_length_minute49,taxi_count_minute50,taxi_length_minute50,taxi_count_minute51,taxi_length_minute51,taxi_count_minute52,taxi_length_minute52,taxi_count_minute53,taxi_length_minute53,taxi_count_minute54,taxi_length_minute54,taxi_count_minute55,taxi_length_minute55,taxi_count_minute56,taxi_length_minute56,taxi_count_minute57,taxi_length_minute57,taxi_count_minute58,taxi_length_minute58,taxi_count_minute59,taxi_length_minute59,taxi_count_minute60,taxi_length_minute60,taxi_count_minute61,taxi_length_minute61,taxi_count_minute62,taxi_length_minute62,taxi_count_minute63,taxi_length_minute63,taxi_count_minute64,taxi_length_minute64,taxi_count_minute65,taxi_length_minute65,taxi_count_minute66,taxi_length_minute66,taxi_count_minute67,taxi_length_minute67,taxi_count_minute68,taxi_length_minute68,taxi_count_minute69,taxi_length_minute69,taxi_count_minute70,taxi_length_minute70,taxi_count_minute71,taxi_length_minute71,taxi_count_minute72,taxi_length_minute72,taxi_count_minute73,taxi_length_minute73,taxi_count_minute74,taxi_length_minute74,taxi_count_minute75,taxi_length_minute75,taxi_count_minute76,taxi_length_minute76,taxi_count_minute77,taxi_length_minute77,taxi_count_minute78,taxi_length_minute78,taxi_count_minute79,taxi_length_minute79,taxi_count_minute80,taxi_length_minute80,taxi_count_minute81,taxi_length_minute81,taxi_count_minute82,taxi_length_minute82,taxi_count_minute83,taxi_length_minute83,taxi_count_minute84,taxi_length_minute84,taxi_count_minute85,taxi_length_minute85,taxi_count_minute86,taxi_length_minute86,taxi_count_minute87,taxi_length_minute87,taxi_count_minute88,taxi_length_minute88,taxi_count_minute89,taxi_length_minute89,taxi_count_minute90,taxi_length_minute90,taxi_count_minute91,taxi_length_minute91,taxi_count_minute92,taxi_length_minute92,taxi_count_minute93,taxi_length_minute93,taxi_count_minute94,taxi_length_minute94,taxi_count_minute95,taxi_length_minute95,taxi_count_minute96,taxi_length_minute96,taxi_count_minute97,taxi_length_minute97,taxi_count_minute98,taxi_length_minute98,taxi_count_minute99,taxi_length_minute99,taxi_count_minute100,taxi_length_minute100,taxi_count_minute101,taxi_length_minute101,taxi_count_minute102,taxi_length_minute102,taxi_count_minute103,taxi_length_minute103,taxi_count_minute104,taxi_length_minute104,taxi_count_minute105,taxi_length_minute105,taxi_count_minute106,taxi_length_minute106,taxi_count_minute107,taxi_length_minute107,taxi_count_minute108,taxi_length_minute108,taxi_count_minute109,taxi_length_minute109,taxi_count_minute110,taxi_length_minute110,taxi_count_minute111,taxi_length_minute111,taxi_count_minute112,taxi_length_minute112,taxi_count_minute113,taxi_length_minute113,taxi_count_minute114,taxi_length_minute114,taxi_count_minute115,taxi_length_minute115,taxi_count_minute116,taxi_length_minute116,taxi_count_minute117,taxi_length_minute117,taxi_count_minute118,taxi_length_minute118,taxi_count_minute119,taxi_length_minute119,taxi_count_minute120,taxi_length_minute120,taxi_count_minute121,taxi_length_minute121,taxi_count_minute122,taxi_length_minute122,taxi_count_minute123,taxi_length_minute123,taxi_count_minute124,taxi_length_minute124,taxi_count_minute125,taxi_length_minute125,taxi_count_minute126,taxi_length_minute126,taxi_count_minute127,taxi_length_minute127,taxi_count_minute128,taxi_length_minute128,taxi_count_minute129,taxi_length_minute129,taxi_count_minute130,taxi_length_minute130,taxi_count_minute131,taxi_length_minute131,taxi_count_minute132,taxi_length_minute132,taxi_count_minute133,taxi_length_minute133,taxi_count_minute134,taxi_length_minute134,taxi_count_minute135,taxi_length_minute135,taxi_count_minute136,taxi_length_minute136,taxi_count_minute137,taxi_length_minute137,taxi_count_minute138,taxi_length_minute138,taxi_count_minute139,taxi_length_minute139,taxi_count_minute140,taxi_length_minute140,taxi_count_minute141,taxi_length_minute141,taxi_count_minute142,taxi_length_minute142,taxi_count_minute143,taxi_length_minute143,taxi_count_minute144,taxi_length_minute144,taxi_count_minute145,taxi_length_minute145,taxi_count_minute146,taxi_length_minute146,taxi_count_minute147,taxi_length_minute147,taxi_count_minute148,taxi_length_minute148,taxi_count_minute149,taxi_length_minute149,taxi_count_minute150,taxi_length_minute150,taxi_count_minute151,taxi_length_minute151,taxi_count_minute152,taxi_length_minute152,taxi_count_minute153,taxi_length_minute153,taxi_count_minute154,taxi_length_minute154,taxi_count_minute155,taxi_length_minute155,taxi_count_minute156,taxi_length_minute156,taxi_count_minute157,taxi_length_minute157,taxi_count_minute158,taxi_length_minute158,taxi_count_minute159,taxi_length_minute159,taxi_count_minute160,taxi_length_minute160,taxi_count_minute161,taxi_length_minute161,taxi_count_minute162,taxi_length_minute162,taxi_count_minute163,taxi_length_minute163,taxi_count_minute164,taxi_length_minute164,taxi_count_minute165,taxi_length_minute165,taxi_count_minute166,taxi_length_minute166,taxi_count_minute167,taxi_length_minute167,taxi_count_minute168,taxi_length_minute168,taxi_count_minute169,taxi_length_minute169,taxi_count_minute170,taxi_length_minute170,taxi_count_minute171,taxi_length_minute171,taxi_count_minute172,taxi_length_minute172,taxi_count_minute173,taxi_length_minute173,taxi_count_minute174,taxi_length_minute174,taxi_count_minute175,taxi_length_minute175,taxi_count_minute176,taxi_length_minute176,taxi_count_minute177,taxi_length_minute177,taxi_count_minute178,taxi_length_minute178,taxi_count_minute179,taxi_length_minute179,taxi_count_minute180,taxi_length_minute180,taxi_count_minute181,taxi_length_minute181,taxi_count_minute182,taxi_length_minute182,taxi_count_minute183,taxi_length_minute183,taxi_count_minute184,taxi_length_minute184,taxi_count_minute185,taxi_length_minute185,taxi_count_minute186,taxi_length_minute186,taxi_count_minute187,taxi_length_minute187,taxi_count_minute188,taxi_length_minute188,taxi_count_minute189,taxi_length_minute189,taxi_count_minute190,taxi_length_minute190,taxi_count_minute191,taxi_length_minute191,taxi_count_minute192,taxi_length_minute192,taxi_count_minute193,taxi_length_minute193,taxi_count_minute194,taxi_length_minute194,taxi_count_minute195,taxi_length_minute195,taxi_count_minute196,taxi_length_minute196,taxi_count_minute197,taxi_length_minute197,taxi_count_minute198,taxi_length_minute198,taxi_count_minute199,taxi_length_minute199,taxi_count_minute200,taxi_length_minute200,taxi_count_minute201,taxi_length_minute201,taxi_count_minute202,taxi_length_minute202,taxi_count_minute203,taxi_length_minute203,taxi_count_minute204,taxi_length_minute204,taxi_count_minute205,taxi_length_minute205,taxi_count_minute206,taxi_length_minute206,taxi_count_minute207,taxi_length_minute207,taxi_count_minute208,taxi_length_minute208,taxi_count_minute209,taxi_length_minute209,taxi_count_minute210,taxi_length_minute210,taxi_count_minute211,taxi_length_minute211,taxi_count_minute212,taxi_length_minute212,taxi_count_minute213,taxi_length_minute213,taxi_count_minute214,taxi_length_minute214,taxi_count_minute215,taxi_length_minute215,taxi_count_minute216,taxi_length_minute216,taxi_count_minute217,taxi_length_minute217,taxi_count_minute218,taxi_length_minute218,taxi_count_minute219,taxi_length_minute219,taxi_count_minute220,taxi_length_minute220,taxi_count_minute221,taxi_length_minute221,taxi_count_minute222,taxi_length_minute222,taxi_count_minute223,taxi_length_minute223,taxi_count_minute224,taxi_length_minute224,taxi_count_minute225,taxi_length_minute225,taxi_count_minute226,taxi_length_minute226,taxi_count_minute227,taxi_length_minute227,taxi_count_minute228,taxi_length_minute228,taxi_count_minute229,taxi_length_minute229,taxi_count_minute230,taxi_length_minute230,taxi_count_minute231,taxi_length_minute231,taxi_count_minute232,taxi_length_minute232,taxi_count_minute233,taxi_length_minute233,taxi_count_minute234,taxi_length_minute234,taxi_count_minute235,taxi_length_minute235,taxi_count_minute236,taxi_length_minute236,taxi_count_minute237,taxi_length_minute237,taxi_count_minute238,taxi_length_minute238,taxi_count_minute239,taxi_length_minute239,taxi_count_minute240,taxi_length_minute240,taxi_count_minute241,taxi_length_minute241,taxi_count_minute242,taxi_length_minute242,taxi_count_minute243,taxi_length_minute243,taxi_count_minute244,taxi_length_minute244,taxi_count_minute245,taxi_length_minute245,taxi_count_minute246,taxi_length_minute246,taxi_count_minute247,taxi_length_minute247,taxi_count_minute248,taxi_length_minute248,taxi_count_minute249,taxi_length_minute249,taxi_count_minute250,taxi_length_minute250,taxi_count_minute251,taxi_length_minute251,taxi_count_minute252,taxi_length_minute252,taxi_count_minute253,taxi_length_minute253,taxi_count_minute254,taxi_length_minute254,taxi_count_minute255,taxi_length_minute255,taxi_count_minute256,taxi_length_minute256,taxi_count_minute257,taxi_length_minute257,taxi_count_minute258,taxi_length_minute258,taxi_count_minute259,taxi_length_minute259,taxi_count_minute260,taxi_length_minute260,taxi_count_minute261,taxi_length_minute261,taxi_count_minute262,taxi_length_minute262,taxi_count_minute263,taxi_length_minute263,taxi_count_minute264,taxi_length_minute264,taxi_count_minute265,taxi_length_minute265,taxi_count_minute266,taxi_length_minute266,taxi_count_minute267,taxi_length_minute267,taxi_count_minute268,taxi_length_minute268,taxi_count_minute269,taxi_length_minute269,taxi_count_minute270,taxi_length_minute270,taxi_count_minute271,taxi_length_minute271,taxi_count_minute272,taxi_length_minute272,taxi_count_minute273,taxi_length_minute273,taxi_count_minute274,taxi_length_minute274,taxi_count_minute275,taxi_length_minute275,taxi_count_minute276,taxi_length_minute276,taxi_count_minute277,taxi_length_minute277,taxi_count_minute278,taxi_length_minute278,taxi_count_minute279,taxi_length_minute279,taxi_count_minute280,taxi_length_minute280,taxi_count_minute281,taxi_length_minute281,taxi_count_minute282,taxi_length_minute282,taxi_count_minute283,taxi_length_minute283,taxi_count_minute284,taxi_length_minute284,taxi_count_minute285,taxi_length_minute285,taxi_count_minute286,taxi_length_minute286,taxi_count_minute287,taxi_length_minute287,taxi_count_minute288,taxi_length_minute288,taxi_count_minute289,taxi_length_minute289,taxi_count_minute290,taxi_length_minute290,taxi_count_minute291,taxi_length_minute291,taxi_count_minute292,taxi_length_minute292,taxi_count_minute293,taxi_length_minute293,taxi_count_minute294,taxi_length_minute294,taxi_count_minute295,taxi_length_minute295,taxi_count_minute296,taxi_length_minute296,taxi_count_minute297,taxi_length_minute297,taxi_count_minute298,taxi_length_minute298,taxi_count_minute299,taxi_length_minute299,taxi_count_avg,sum
2023-11-07,Tuesday,weekday,00,"['00.50.00', '00.51.00', '00.52.00', '00.53.00', '00.54.00', '00.55.00', '00.56.00']",17,162.63371741047575,15,102.74678340799484,19,145.58735663224556,21,151.29531245044137,18,113.23917766214262,17,118.78800790893943,23,202.03356523582343,,,,,,,,,,,,,,,,,,,,,,,,,,,,,,,,,,,,,,,,,,,,,,,,,,,,,,,,,,,,,,,,,,,,,,,,,,,,,,,,,,,,,,,,,,,,,,,,,,,,,,,,,,,,,,,,,,,,,,,,,,,,,,,,,,,,,,,,,,,,,,,,,,,,,,,,,,,,,,,,,,,,,,,,,,,,,,,,,,,,,,,,,,,,,,,,,,,,,,,,,,,,,,,,,,,,,,,,,,,,,,,,,,,,,,,,,,,,,,,,,,,,,,,,,,,,,,,,,,,,,,,,,,,,,,,,,,,,,,,,,,,,,,,,,,,,,,,,,,,,,,,,,,,,,,,,,,,,,,,,,,,,,,,,,,,,,,,,,,,,,,,,,,,,,,,,,,,,,,,,,,,,,,,,,,,,,,,,,,,,,,,,,,,,,,,,,,,,,,,,,,,,,,,,,,,,,,,,,,,,,,,,,,,,,,,,,,,,,,,,,,,,,,,,,,,,,,,,,,,,,,,,,,,,,,,,,,,,,,,,,,,,,,,,,,,,,,,,,,,,,,,,,,,,,,,,,,,,,,,,,,,,,,,,,,,,,,,,,,,,,,,,,,,,,,,,,,,,,,,,,,,,,,,,,,,,,,,,,,,,,,,,,,,18.57,7
2023-11-07,Tuesday,weekday,04,"['04.00.00', '04.01.00']",15,146.7900818031629,14,108.13016267652114,,,,,,,,,,,,,,,,,,,,,,,,,,,,,,,,,,,,,,,,,,,,,,,,,,,,,,,,,,,,,,,,,,,,,,,,,,,,,,,,,,,,,,,,,,,,,,,,,,,,,,,,,,,,,,,,,,,,,,,,,,,,,,,,,,,,,,,,,,,,,,,,,,,,,,,,,,,,,,,,,,,,,,,,,,,,,,,,,,,,,,,,,,,,,,,,,,,,,,,,,,,,,,,,,,,,,,,,,,,,,,,,,,,,,,,,,,,,,,,,,,,,,,,,,,,,,,,,,,,,,,,,,,,,,,,,,,,,,,,,,,,,,,,,,,,,,,,,,,,,,,,,,,,,,,,,,,,,,,,,,,,,,,,,,,,,,,,,,,,,,,,,,,,,,,,,,,,,,,,,,,,,,,,,,,,,,,,,,,,,,,,,,,,,,,,,,,,,,,,,,,,,,,,,,,,,,,,,,,,,,,,,,,,,,,,,,,,,,,,,,,,,,,,,,,,,,,,,,,,,,,,,,,,,,,,,,,,,,,,,,,,,,,,,,,,,,,,,,,,,,,,,,,,,,,,,,,,,,,,,,,,,,,,,,,,,,,,,,,,,,,,,,,,,,,,,,,,,,,,,,,,,,,,,,,,,,,,,,,,,,,,,,,,,,,,,,,,,,14.5,2
2023-11-07,Tuesday,weekday,04,"['04.39.00', '04.40.00']",15,146.5319605006466,15,146.5319605006466,,,,,,,,,,,,,,,,,,,,,,,,,,,,,,,,,,,,,,,,,,,,,,,,,,,,,,,,,,,,,,,,,,,,,,,,,,,,,,,,,,,,,,,,,,,,,,,,,,,,,,,,,,,,,,,,,,,,,,,,,,,,,,,,,,,,,,,,,,,,,,,,,,,,,,,,,,,,,,,,,,,,,,,,,,,,,,,,,,,,,,,,,,,,,,,,,,,,,,,,,,,,,,,,,,,,,,,,,,,,,,,,,,,,,,,,,,,,,,,,,,,,,,,,,,,,,,,,,,,,,,,,,,,,,,,,,,,,,,,,,,,,,,,,,,,,,,,,,,,,,,,,,,,,,,,,,,,,,,,,,,,,,,,,,,,,,,,,,,,,,,,,,,,,,,,,,,,,,,,,,,,,,,,,,,,,,,,,,,,,,,,,,,,,,,,,,,,,,,,,,,,,,,,,,,,,,,,,,,,,,,,,,,,,,,,,,,,,,,,,,,,,,,,,,,,,,,,,,,,,,,,,,,,,,,,,,,,,,,,,,,,,,,,,,,,,,,,,,,,,,,,,,,,,,,,,,,,,,,,,,,,,,,,,,,,,,,,,,,,,,,,,,,,,,,,,,,,,,,,,,,,,,,,,,,,,,,,,,,,,,,,,,,,,,,,,,,,,,15.0,2
2023-11-07,Tuesday,weekday,05,"['05.54.00', '05.55.00', '05.56.00']",15,114.08908528087623,23,176.1049543760215,18,194.42451667983153,,,,,,,,,,,,,,,,,,,,,,,,,,,,,,,,,,,,,,,,,,,,,,,,,,,,,,,,,,,,,,,,,,,,,,,,,,,,,,,,,,,,,,,,,,,,,,,,,,,,,,,,,,,,,,,,,,,,,,,,,,,,,,,,,,,,,,,,,,,,,,,,,,,,,,,,,,,,,,,,,,,,,,,,,,,,,,,,,,,,,,,,,,,,,,,,,,,,,,,,,,,,,,,,,,,,,,,,,,,,,,,,,,,,,,,,,,,,,,,,,,,,,,,,,,,,,,,,,,,,,,,,,,,,,,,,,,,,,,,,,,,,,,,,,,,,,,,,,,,,,,,,,,,,,,,,,,,,,,,,,,,,,,,,,,,,,,,,,,,,,,,,,,,,,,,,,,,,,,,,,,,,,,,,,,,,,,,,,,,,,,,,,,,,,,,,,,,,,,,,,,,,,,,,,,,,,,,,,,,,,,,,,,,,,,,,,,,,,,,,,,,,,,,,,,,,,,,,,,,,,,,,,,,,,,,,,,,,,,,,,,,,,,,,,,,,,,,,,,,,,,,,,,,,,,,,,,,,,,,,,,,,,,,,,,,,,,,,,,,,,,,,,,,,,,,,,,,,,,,,,,,,,,,,,,,,,,,,,,,,,,,,,,,,,,,,,,,18.67,3
2023-11-07,Tuesday,weekday,06,"['06.33.00', '06.34.00', '06.35.00']",18,139.54626480669367,16,114.02981852389458,23,181.26480767111428,,,,,,,,,,,,,,,,,,,,,,,,,,,,,,,,,,,,,,,,,,,,,,,,,,,,,,,,,,,,,,,,,,,,,,,,,,,,,,,,,,,,,,,,,,,,,,,,,,,,,,,,,,,,,,,,,,,,,,,,,,,,,,,,,,,,,,,,,,,,,,,,,,,,,,,,,,,,,,,,,,,,,,,,,,,,,,,,,,,,,,,,,,,,,,,,,,,,,,,,,,,,,,,,,,,,,,,,,,,,,,,,,,,,,,,,,,,,,,,,,,,,,,,,,,,,,,,,,,,,,,,,,,,,,,,,,,,,,,,,,,,,,,,,,,,,,,,,,,,,,,,,,,,,,,,,,,,,,,,,,,,,,,,,,,,,,,,,,,,,,,,,,,,,,,,,,,,,,,,,,,,,,,,,,,,,,,,,,,,,,,,,,,,,,,,,,,,,,,,,,,,,,,,,,,,,,,,,,,,,,,,,,,,,,,,,,,,,,,,,,,,,,,,,,,,,,,,,,,,,,,,,,,,,,,,,,,,,,,,,,,,,,,,,,,,,,,,,,,,,,,,,,,,,,,,,,,,,,,,,,,,,,,,,,,,,,,,,,,,,,,,,,,,,,,,,,,,,,,,,,,,,,,,,,,,,,,,,,,,,,,,,,,,,,,,,,,,19.0,3
2023-11-07,Tuesday,weekday,06,"['06.49.00', '06.50.00']",20,172.41133109030082,27,208.81755671282997,,,,,,,,,,,,,,,,,,,,,,,,,,,,,,,,,,,,,,,,,,,,,,,,,,,,,,,,,,,,,,,,,,,,,,,,,,,,,,,,,,,,,,,,,,,,,,,,,,,,,,,,,,,,,,,,,,,,,,,,,,,,,,,,,,,,,,,,,,,,,,,,,,,,,,,,,,,,,,,,,,,,,,,,,,,,,,,,,,,,,,,,,,,,,,,,,,,,,,,,,,,,,,,,,,,,,,,,,,,,,,,,,,,,,,,,,,,,,,,,,,,,,,,,,,,,,,,,,,,,,,,,,,,,,,,,,,,,,,,,,,,,,,,,,,,,,,,,,,,,,,,,,,,,,,,,,,,,,,,,,,,,,,,,,,,,,,,,,,,,,,,,,,,,,,,,,,,,,,,,,,,,,,,,,,,,,,,,,,,,,,,,,,,,,,,,,,,,,,,,,,,,,,,,,,,,,,,,,,,,,,,,,,,,,,,,,,,,,,,,,,,,,,,,,,,,,,,,,,,,,,,,,,,,,,,,,,,,,,,,,,,,,,,,,,,,,,,,,,,,,,,,,,,,,,,,,,,,,,,,,,,,,,,,,,,,,,,,,,,,,,,,,,,,,,,,,,,,,,,,,,,,,,,,,,,,,,,,,,,,,,,,,,,,,,,,,,,,,23.5,2
2023-11-07,Tuesday,weekday,09,"['09.59.00', '10.00.00', '10.01.00', '10.02.00']",15,106.09833624282834,15,106.67887675265712,15,106.67887675265712,15,106.54680986625937,,,,,,,,,,,,,,,,,,,,,,,,,,,,,,,,,,,,,,,,,,,,,,,,,,,,,,,,,,,,,,,,,,,,,,,,,,,,,,,,,,,,,,,,,,,,,,,,,,,,,,,,,,,,,,,,,,,,,,,,,,,,,,,,,,,,,,,,,,,,,,,,,,,,,,,,,,,,,,,,,,,,,,,,,,,,,,,,,,,,,,,,,,,,,,,,,,,,,,,,,,,,,,,,,,,,,,,,,,,,,,,,,,,,,,,,,,,,,,,,,,,,,,,,,,,,,,,,,,,,,,,,,,,,,,,,,,,,,,,,,,,,,,,,,,,,,,,,,,,,,,,,,,,,,,,,,,,,,,,,,,,,,,,,,,,,,,,,,,,,,,,,,,,,,,,,,,,,,,,,,,,,,,,,,,,,,,,,,,,,,,,,,,,,,,,,,,,,,,,,,,,,,,,,,,,,,,,,,,,,,,,,,,,,,,,,,,,,,,,,,,,,,,,,,,,,,,,,,,,,,,,,,,,,,,,,,,,,,,,,,,,,,,,,,,,,,,,,,,,,,,,,,,,,,,,,,,,,,,,,,,,,,,,,,,,,,,,,,,,,,,,,,,,,,,,,,,,,,,,,,,,,,,,,,,,,,,,,,,,,,,,,,,,,,,,,,15.0,4
2023-11-07,Tuesday,weekday,10,"['10.07.00', '10.08.00', '10.09.00', '10.10.00', '10.11.00']",18,162.63371731690756,18,161.33774795006457,14,194.46062072757613,20,197.24571853440824,20,197.24571853440824,,,,,,,,,,,,,,,,,,,,,,,,,,,,,,,,,,,,,,,,,,,,,,,,,,,,,,,,,,,,,,,,,,,,,,,,,,,,,,,,,,,,,,,,,,,,,,,,,,,,,,,,,,,,,,,,,,,,,,,,,,,,,,,,,,,,,,,,,,,,,,,,,,,,,,,,,,,,,,,,,,,,,,,,,,,,,,,,,,,,,,,,,,,,,,,,,,,,,,,,,,,,,,,,,,,,,,,,,,,,,,,,,,,,,,,,,,,,,,,,,,,,,,,,,,,,,,,,,,,,,,,,,,,,,,,,,,,,,,,,,,,,,,,,,,,,,,,,,,,,,,,,,,,,,,,,,,,,,,,,,,,,,,,,,,,,,,,,,,,,,,,,,,,,,,,,,,,,,,,,,,,,,,,,,,,,,,,,,,,,,,,,,,,,,,,,,,,,,,,,,,,,,,,,,,,,,,,,,,,,,,,,,,,,,,,,,,,,,,,,,,,,,,,,,,,,,,,,,,,,,,,,,,,,,,,,,,,,,,,,,,,,,,,,,,,,,,,,,,,,,,,,,,,,,,,,,,,,,,,,,,,,,,,,,,,,,,,,,,,,,,,,,,,,,,,,,,,,,,,,,,,,,,,,,,,,,,,,,,,,,,,,,,,,,,,18.0,5
2023-11-07,Tuesday,weekday,10,"['10.14.00', '10.15.00']",20,198.8236509124069,24,197.8094593807113,,,,,,,,,,,,,,,,,,,,,,,,,,,,,,,,,,,,,,,,,,,,,,,,,,,,,,,,,,,,,,,,,,,,,,,,,,,,,,,,,,,,,,,,,,,,,,,,,,,,,,,,,,,,,,,,,,,,,,,,,,,,,,,,,,,,,,,,,,,,,,,,,,,,,,,,,,,,,,,,,,,,,,,,,,,,,,,,,,,,,,,,,,,,,,,,,,,,,,,,,,,,,,,,,,,,,,,,,,,,,,,,,,,,,,,,,,,,,,,,,,,,,,,,,,,,,,,,,,,,,,,,,,,,,,,,,,,,,,,,,,,,,,,,,,,,,,,,,,,,,,,,,,,,,,,,,,,,,,,,,,,,,,,,,,,,,,,,,,,,,,,,,,,,,,,,,,,,,,,,,,,,,,,,,,,,,,,,,,,,,,,,,,,,,,,,,,,,,,,,,,,,,,,,,,,,,,,,,,,,,,,,,,,,,,,,,,,,,,,,,,,,,,,,,,,,,,,,,,,,,,,,,,,,,,,,,,,,,,,,,,,,,,,,,,,,,,,,,,,,,,,,,,,,,,,,,,,,,,,,,,,,,,,,,,,,,,,,,,,,,,,,,,,,,,,,,,,,,,,,,,,,,,,,,,,,,,,,,,,,,,,,,,,,,,,,,,,,,22.0,2
2023-11-07,Tuesday,weekday,10,"['10.17.00', '10.18.00']",16,167.29758664608127,18,193.0098638089885,,,,,,,,,,,,,,,,,,,,,,,,,,,,,,,,,,,,,,,,,,,,,,,,,,,,,,,,,,,,,,,,,,,,,,,,,,,,,,,,,,,,,,,,,,,,,,,,,,,,,,,,,,,,,,,,,,,,,,,,,,,,,,,,,,,,,,,,,,,,,,,,,,,,,,,,,,,,,,,,,,,,,,,,,,,,,,,,,,,,,,,,,,,,,,,,,,,,,,,,,,,,,,,,,,,,,,,,,,,,,,,,,,,,,,,,,,,,,,,,,,,,,,,,,,,,,,,,,,,,,,,,,,,,,,,,,,,,,,,,,,,,,,,,,,,,,,,,,,,,,,,,,,,,,,,,,,,,,,,,,,,,,,,,,,,,,,,,,,,,,,,,,,,,,,,,,,,,,,,,,,,,,,,,,,,,,,,,,,,,,,,,,,,,,,,,,,,,,,,,,,,,,,,,,,,,,,,,,,,,,,,,,,,,,,,,,,,,,,,,,,,,,,,,,,,,,,,,,,,,,,,,,,,,,,,,,,,,,,,,,,,,,,,,,,,,,,,,,,,,,,,,,,,,,,,,,,,,,,,,,,,,,,,,,,,,,,,,,,,,,,,,,,,,,,,,,,,,,,,,,,,,,,,,,,,,,,,,,,,,,,,,,,,,,,,,,,,,,17.0,2
2023-11-07,Tuesday,weekday,10,"['10.22.00', '10.23.00']",18,191.7448058147893,15,195.0515436725526,,,,,,,,,,,,,,,,,,,,,,,,,,,,,,,,,,,,,,,,,,,,,,,,,,,,,,,,,,,,,,,,,,,,,,,,,,,,,,,,,,,,,,,,,,,,,,,,,,,,,,,,,,,,,,,,,,,,,,,,,,,,,,,,,,,,,,,,,,,,,,,,,,,,,,,,,,,,,,,,,,,,,,,,,,,,,,,,,,,,,,,,,,,,,,,,,,,,,,,,,,,,,,,,,,,,,,,,,,,,,,,,,,,,,,,,,,,,,,,,,,,,,,,,,,,,,,,,,,,,,,,,,,,,,,,,,,,,,,,,,,,,,,,,,,,,,,,,,,,,,,,,,,,,,,,,,,,,,,,,,,,,,,,,,,,,,,,,,,,,,,,,,,,,,,,,,,,,,,,,,,,,,,,,,,,,,,,,,,,,,,,,,,,,,,,,,,,,,,,,,,,,,,,,,,,,,,,,,,,,,,,,,,,,,,,,,,,,,,,,,,,,,,,,,,,,,,,,,,,,,,,,,,,,,,,,,,,,,,,,,,,,,,,,,,,,,,,,,,,,,,,,,,,,,,,,,,,,,,,,,,,,,,,,,,,,,,,,,,,,,,,,,,,,,,,,,,,,,,,,,,,,,,,,,,,,,,,,,,,,,,,,,,,,,,,,,,,,,16.5,2
2023-11-07,Tuesday,weekday,12,"['12.39.00', '12.40.00', '12.41.00', '12.42.00']",16,109.74652272308514,16,113.65948142369216,16,114.52790232128,13,106.09834092765745,,,,,,,,,,,,,,,,,,,,,,,,,,,,,,,,,,,,,,,,,,,,,,,,,,,,,,,,,,,,,,,,,,,,,,,,,,,,,,,,,,,,,,,,,,,,,,,,,,,,,,,,,,,,,,,,,,,,,,,,,,,,,,,,,,,,,,,,,,,,,,,,,,,,,,,,,,,,,,,,,,,,,,,,,,,,,,,,,,,,,,,,,,,,,,,,,,,,,,,,,,,,,,,,,,,,,,,,,,,,,,,,,,,,,,,,,,,,,,,,,,,,,,,,,,,,,,,,,,,,,,,,,,,,,,,,,,,,,,,,,,,,,,,,,,,,,,,,,,,,,,,,,,,,,,,,,,,,,,,,,,,,,,,,,,,,,,,,,,,,,,,,,,,,,,,,,,,,,,,,,,,,,,,,,,,,,,,,,,,,,,,,,,,,,,,,,,,,,,,,,,,,,,,,,,,,,,,,,,,,,,,,,,,,,,,,,,,,,,,,,,,,,,,,,,,,,,,,,,,,,,,,,,,,,,,,,,,,,,,,,,,,,,,,,,,,,,,,,,,,,,,,,,,,,,,,,,,,,,,,,,,,,,,,,,,,,,,,,,,,,,,,,,,,,,,,,,,,,,,,,,,,,,,,,,,,,,,,,,,,,,,,,,,,,,,,,15.25,4
2023-11-07,Tuesday,weekday,12,"['12.55.00', '12.56.00', '12.57.00', '12.58.00', '12.59.00']",22,179.82492257371132,20,147.8069182461025,19,132.5618529917897,18,114.89008852643568,19,135.23212138752012,,,,,,,,,,,,,,,,,,,,,,,,,,,,,,,,,,,,,,,,,,,,,,,,,,,,,,,,,,,,,,,,,,,,,,,,,,,,,,,,,,,,,,,,,,,,,,,,,,,,,,,,,,,,,,,,,,,,,,,,,,,,,,,,,,,,,,,,,,,,,,,,,,,,,,,,,,,,,,,,,,,,,,,,,,,,,,,,,,,,,,,,,,,,,,,,,,,,,,,,,,,,,,,,,,,,,,,,,,,,,,,,,,,,,,,,,,,,,,,,,,,,,,,,,,,,,,,,,,,,,,,,,,,,,,,,,,,,,,,,,,,,,,,,,,,,,,,,,,,,,,,,,,,,,,,,,,,,,,,,,,,,,,,,,,,,,,,,,,,,,,,,,,,,,,,,,,,,,,,,,,,,,,,,,,,,,,,,,,,,,,,,,,,,,,,,,,,,,,,,,,,,,,,,,,,,,,,,,,,,,,,,,,,,,,,,,,,,,,,,,,,,,,,,,,,,,,,,,,,,,,,,,,,,,,,,,,,,,,,,,,,,,,,,,,,,,,,,,,,,,,,,,,,,,,,,,,,,,,,,,,,,,,,,,,,,,,,,,,,,,,,,,,,,,,,,,,,,,,,,,,,,,,,,,,,,,,,,,,,,,,,,,,,,,,,19.6,5
2023-11-07,Tuesday,weekday,13,"['13.37.00', '13.38.00']",15,130.51691925292408,13,111.4854048147782,,,,,,,,,,,,,,,,,,,,,,,,,,,,,,,,,,,,,,,,,,,,,,,,,,,,,,,,,,,,,,,,,,,,,,,,,,,,,,,,,,,,,,,,,,,,,,,,,,,,,,,,,,,,,,,,,,,,,,,,,,,,,,,,,,,,,,,,,,,,,,,,,,,,,,,,,,,,,,,,,,,,,,,,,,,,,,,,,,,,,,,,,,,,,,,,,,,,,,,,,,,,,,,,,,,,,,,,,,,,,,,,,,,,,,,,,,,,,,,,,,,,,,,,,,,,,,,,,,,,,,,,,,,,,,,,,,,,,,,,,,,,,,,,,,,,,,,,,,,,,,,,,,,,,,,,,,,,,,,,,,,,,,,,,,,,,,,,,,,,,,,,,,,,,,,,,,,,,,,,,,,,,,,,,,,,,,,,,,,,,,,,,,,,,,,,,,,,,,,,,,,,,,,,,,,,,,,,,,,,,,,,,,,,,,,,,,,,,,,,,,,,,,,,,,,,,,,,,,,,,,,,,,,,,,,,,,,,,,,,,,,,,,,,,,,,,,,,,,,,,,,,,,,,,,,,,,,,,,,,,,,,,,,,,,,,,,,,,,,,,,,,,,,,,,,,,,,,,,,,,,,,,,,,,,,,,,,,,,,,,,,,,,,,,,,,,,,,,14.0,2
2023-11-07,Tuesday,weekday,15,"['15.09.00', '15.10.00', '15.11.00']",14,115.82408573939576,18,148.8176194859647,17,128.48197794491443,,,,,,,,,,,,,,,,,,,,,,,,,,,,,,,,,,,,,,,,,,,,,,,,,,,,,,,,,,,,,,,,,,,,,,,,,,,,,,,,,,,,,,,,,,,,,,,,,,,,,,,,,,,,,,,,,,,,,,,,,,,,,,,,,,,,,,,,,,,,,,,,,,,,,,,,,,,,,,,,,,,,,,,,,,,,,,,,,,,,,,,,,,,,,,,,,,,,,,,,,,,,,,,,,,,,,,,,,,,,,,,,,,,,,,,,,,,,,,,,,,,,,,,,,,,,,,,,,,,,,,,,,,,,,,,,,,,,,,,,,,,,,,,,,,,,,,,,,,,,,,,,,,,,,,,,,,,,,,,,,,,,,,,,,,,,,,,,,,,,,,,,,,,,,,,,,,,,,,,,,,,,,,,,,,,,,,,,,,,,,,,,,,,,,,,,,,,,,,,,,,,,,,,,,,,,,,,,,,,,,,,,,,,,,,,,,,,,,,,,,,,,,,,,,,,,,,,,,,,,,,,,,,,,,,,,,,,,,,,,,,,,,,,,,,,,,,,,,,,,,,,,,,,,,,,,,,,,,,,,,,,,,,,,,,,,,,,,,,,,,,,,,,,,,,,,,,,,,,,,,,,,,,,,,,,,,,,,,,,,,,,,,,,,,,,,,,,16.33,3
2023-11-07,Tuesday,weekday,15,"['15.17.00', '15.18.00', '15.19.00']",15,203.7255406043104,20,203.6391898830215,22,202.60062513506452,,,,,,,,,,,,,,,,,,,,,,,,,,,,,,,,,,,,,,,,,,,,,,,,,,,,,,,,,,,,,,,,,,,,,,,,,,,,,,,,,,,,,,,,,,,,,,,,,,,,,,,,,,,,,,,,,,,,,,,,,,,,,,,,,,,,,,,,,,,,,,,,,,,,,,,,,,,,,,,,,,,,,,,,,,,,,,,,,,,,,,,,,,,,,,,,,,,,,,,,,,,,,,,,,,,,,,,,,,,,,,,,,,,,,,,,,,,,,,,,,,,,,,,,,,,,,,,,,,,,,,,,,,,,,,,,,,,,,,,,,,,,,,,,,,,,,,,,,,,,,,,,,,,,,,,,,,,,,,,,,,,,,,,,,,,,,,,,,,,,,,,,,,,,,,,,,,,,,,,,,,,,,,,,,,,,,,,,,,,,,,,,,,,,,,,,,,,,,,,,,,,,,,,,,,,,,,,,,,,,,,,,,,,,,,,,,,,,,,,,,,,,,,,,,,,,,,,,,,,,,,,,,,,,,,,,,,,,,,,,,,,,,,,,,,,,,,,,,,,,,,,,,,,,,,,,,,,,,,,,,,,,,,,,,,,,,,,,,,,,,,,,,,,,,,,,,,,,,,,,,,,,,,,,,,,,,,,,,,,,,,,,,,,,,,,,,,,19.0,3
2023-11-07,Tuesday,weekday,15,"['15.21.00', '15.22.00', '15.23.00']",25,195.1731206159112,18,106.4680200848026,19,145.7745404997794,,,,,,,,,,,,,,,,,,,,,,,,,,,,,,,,,,,,,,,,,,,,,,,,,,,,,,,,,,,,,,,,,,,,,,,,,,,,,,,,,,,,,,,,,,,,,,,,,,,,,,,,,,,,,,,,,,,,,,,,,,,,,,,,,,,,,,,,,,,,,,,,,,,,,,,,,,,,,,,,,,,,,,,,,,,,,,,,,,,,,,,,,,,,,,,,,,,,,,,,,,,,,,,,,,,,,,,,,,,,,,,,,,,,,,,,,,,,,,,,,,,,,,,,,,,,,,,,,,,,,,,,,,,,,,,,,,,,,,,,,,,,,,,,,,,,,,,,,,,,,,,,,,,,,,,,,,,,,,,,,,,,,,,,,,,,,,,,,,,,,,,,,,,,,,,,,,,,,,,,,,,,,,,,,,,,,,,,,,,,,,,,,,,,,,,,,,,,,,,,,,,,,,,,,,,,,,,,,,,,,,,,,,,,,,,,,,,,,,,,,,,,,,,,,,,,,,,,,,,,,,,,,,,,,,,,,,,,,,,,,,,,,,,,,,,,,,,,,,,,,,,,,,,,,,,,,,,,,,,,,,,,,,,,,,,,,,,,,,,,,,,,,,,,,,,,,,,,,,,,,,,,,,,,,,,,,,,,,,,,,,,,,,,,,,,,,,,20.67,3
2023-11-07,Tuesday,weekday,15,"['15.47.00', '15.48.00', '15.49.00', '15.50.00', '15.51.00']",19,137.183173408614,18,157.01254051480817,15,132.98628055085177,17,165.03008222260175,15,159.70202639566205,,,,,,,,,,,,,,,,,,,,,,,,,,,,,,,,,,,,,,,,,,,,,,,,,,,,,,,,,,,,,,,,,,,,,,,,,,,,,,,,,,,,,,,,,,,,,,,,,,,,,,,,,,,,,,,,,,,,,,,,,,,,,,,,,,,,,,,,,,,,,,,,,,,,,,,,,,,,,,,,,,,,,,,,,,,,,,,,,,,,,,,,,,,,,,,,,,,,,,,,,,,,,,,,,,,,,,,,,,,,,,,,,,,,,,,,,,,,,,,,,,,,,,,,,,,,,,,,,,,,,,,,,,,,,,,,,,,,,,,,,,,,,,,,,,,,,,,,,,,,,,,,,,,,,,,,,,,,,,,,,,,,,,,,,,,,,,,,,,,,,,,,,,,,,,,,,,,,,,,,,,,,,,,,,,,,,,,,,,,,,,,,,,,,,,,,,,,,,,,,,,,,,,,,,,,,,,,,,,,,,,,,,,,,,,,,,,,,,,,,,,,,,,,,,,,,,,,,,,,,,,,,,,,,,,,,,,,,,,,,,,,,,,,,,,,,,,,,,,,,,,,,,,,,,,,,,,,,,,,,,,,,,,,,,,,,,,,,,,,,,,,,,,,,,,,,,,,,,,,,,,,,,,,,,,,,,,,,,,,,,,,,,,,,,,,16.8,5
2023-11-07,Tuesday,weekday,15,"['15.53.00', '15.54.00']",17,109.33383301725716,17,126.54458464768278,,,,,,,,,,,,,,,,,,,,,,,,,,,,,,,,,,,,,,,,,,,,,,,,,,,,,,,,,,,,,,,,,,,,,,,,,,,,,,,,,,,,,,,,,,,,,,,,,,,,,,,,,,,,,,,,,,,,,,,,,,,,,,,,,,,,,,,,,,,,,,,,,,,,,,,,,,,,,,,,,,,,,,,,,,,,,,,,,,,,,,,,,,,,,,,,,,,,,,,,,,,,,,,,,,,,,,,,,,,,,,,,,,,,,,,,,,,,,,,,,,,,,,,,,,,,,,,,,,,,,,,,,,,,,,,,,,,,,,,,,,,,,,,,,,,,,,,,,,,,,,,,,,,,,,,,,,,,,,,,,,,,,,,,,,,,,,,,,,,,,,,,,,,,,,,,,,,,,,,,,,,,,,,,,,,,,,,,,,,,,,,,,,,,,,,,,,,,,,,,,,,,,,,,,,,,,,,,,,,,,,,,,,,,,,,,,,,,,,,,,,,,,,,,,,,,,,,,,,,,,,,,,,,,,,,,,,,,,,,,,,,,,,,,,,,,,,,,,,,,,,,,,,,,,,,,,,,,,,,,,,,,,,,,,,,,,,,,,,,,,,,,,,,,,,,,,,,,,,,,,,,,,,,,,,,,,,,,,,,,,,,,,,,,,,,,,,,,,17.0,2
2023-11-07,Tuesday,weekday,16,"['16.01.00', '16.02.00']",15,129.07019544793786,14,128.6521063008849,,,,,,,,,,,,,,,,,,,,,,,,,,,,,,,,,,,,,,,,,,,,,,,,,,,,,,,,,,,,,,,,,,,,,,,,,,,,,,,,,,,,,,,,,,,,,,,,,,,,,,,,,,,,,,,,,,,,,,,,,,,,,,,,,,,,,,,,,,,,,,,,,,,,,,,,,,,,,,,,,,,,,,,,,,,,,,,,,,,,,,,,,,,,,,,,,,,,,,,,,,,,,,,,,,,,,,,,,,,,,,,,,,,,,,,,,,,,,,,,,,,,,,,,,,,,,,,,,,,,,,,,,,,,,,,,,,,,,,,,,,,,,,,,,,,,,,,,,,,,,,,,,,,,,,,,,,,,,,,,,,,,,,,,,,,,,,,,,,,,,,,,,,,,,,,,,,,,,,,,,,,,,,,,,,,,,,,,,,,,,,,,,,,,,,,,,,,,,,,,,,,,,,,,,,,,,,,,,,,,,,,,,,,,,,,,,,,,,,,,,,,,,,,,,,,,,,,,,,,,,,,,,,,,,,,,,,,,,,,,,,,,,,,,,,,,,,,,,,,,,,,,,,,,,,,,,,,,,,,,,,,,,,,,,,,,,,,,,,,,,,,,,,,,,,,,,,,,,,,,,,,,,,,,,,,,,,,,,,,,,,,,,,,,,,,,,,,,,14.5,2
2023-11-07,Tuesday,weekday,16,"['16.19.00', '16.20.00', '16.21.00']",14,186.49294788065805,15,184.17797857625493,13,100.7874886786307,,,,,,,,,,,,,,,,,,,,,,,,,,,,,,,,,,,,,,,,,,,,,,,,,,,,,,,,,,,,,,,,,,,,,,,,,,,,,,,,,,,,,,,,,,,,,,,,,,,,,,,,,,,,,,,,,,,,,,,,,,,,,,,,,,,,,,,,,,,,,,,,,,,,,,,,,,,,,,,,,,,,,,,,,,,,,,,,,,,,,,,,,,,,,,,,,,,,,,,,,,,,,,,,,,,,,,,,,,,,,,,,,,,,,,,,,,,,,,,,,,,,,,,,,,,,,,,,,,,,,,,,,,,,,,,,,,,,,,,,,,,,,,,,,,,,,,,,,,,,,,,,,,,,,,,,,,,,,,,,,,,,,,,,,,,,,,,,,,,,,,,,,,,,,,,,,,,,,,,,,,,,,,,,,,,,,,,,,,,,,,,,,,,,,,,,,,,,,,,,,,,,,,,,,,,,,,,,,,,,,,,,,,,,,,,,,,,,,,,,,,,,,,,,,,,,,,,,,,,,,,,,,,,,,,,,,,,,,,,,,,,,,,,,,,,,,,,,,,,,,,,,,,,,,,,,,,,,,,,,,,,,,,,,,,,,,,,,,,,,,,,,,,,,,,,,,,,,,,,,,,,,,,,,,,,,,,,,,,,,,,,,,,,,,,,,,,,14.0,3
2023-11-07,Tuesday,weekday,16,"['16.35.00', '16.36.00']",15,135.86747253703396,12,117.75940587100747,,,,,,,,,,,,,,,,,,,,,,,,,,,,,,,,,,,,,,,,,,,,,,,,,,,,,,,,,,,,,,,,,,,,,,,,,,,,,,,,,,,,,,,,,,,,,,,,,,,,,,,,,,,,,,,,,,,,,,,,,,,,,,,,,,,,,,,,,,,,,,,,,,,,,,,,,,,,,,,,,,,,,,,,,,,,,,,,,,,,,,,,,,,,,,,,,,,,,,,,,,,,,,,,,,,,,,,,,,,,,,,,,,,,,,,,,,,,,,,,,,,,,,,,,,,,,,,,,,,,,,,,,,,,,,,,,,,,,,,,,,,,,,,,,,,,,,,,,,,,,,,,,,,,,,,,,,,,,,,,,,,,,,,,,,,,,,,,,,,,,,,,,,,,,,,,,,,,,,,,,,,,,,,,,,,,,,,,,,,,,,,,,,,,,,,,,,,,,,,,,,,,,,,,,,,,,,,,,,,,,,,,,,,,,,,,,,,,,,,,,,,,,,,,,,,,,,,,,,,,,,,,,,,,,,,,,,,,,,,,,,,,,,,,,,,,,,,,,,,,,,,,,,,,,,,,,,,,,,,,,,,,,,,,,,,,,,,,,,,,,,,,,,,,,,,,,,,,,,,,,,,,,,,,,,,,,,,,,,,,,,,,,,,,,,,,,,,,,13.5,2
2023-11-07,Tuesday,weekday,17,"['17.20.00', '17.21.00', '17.22.00']",16,157.06232639077916,16,121.49007131788196,15,119.66688832056056,,,,,,,,,,,,,,,,,,,,,,,,,,,,,,,,,,,,,,,,,,,,,,,,,,,,,,,,,,,,,,,,,,,,,,,,,,,,,,,,,,,,,,,,,,,,,,,,,,,,,,,,,,,,,,,,,,,,,,,,,,,,,,,,,,,,,,,,,,,,,,,,,,,,,,,,,,,,,,,,,,,,,,,,,,,,,,,,,,,,,,,,,,,,,,,,,,,,,,,,,,,,,,,,,,,,,,,,,,,,,,,,,,,,,,,,,,,,,,,,,,,,,,,,,,,,,,,,,,,,,,,,,,,,,,,,,,,,,,,,,,,,,,,,,,,,,,,,,,,,,,,,,,,,,,,,,,,,,,,,,,,,,,,,,,,,,,,,,,,,,,,,,,,,,,,,,,,,,,,,,,,,,,,,,,,,,,,,,,,,,,,,,,,,,,,,,,,,,,,,,,,,,,,,,,,,,,,,,,,,,,,,,,,,,,,,,,,,,,,,,,,,,,,,,,,,,,,,,,,,,,,,,,,,,,,,,,,,,,,,,,,,,,,,,,,,,,,,,,,,,,,,,,,,,,,,,,,,,,,,,,,,,,,,,,,,,,,,,,,,,,,,,,,,,,,,,,,,,,,,,,,,,,,,,,,,,,,,,,,,,,,,,,,,,,,,,,,15.67,3
2023-11-07,Tuesday,weekday,17,"['17.36.00', '17.37.00']",17,131.9664289955808,16,103.78657464274188,,,,,,,,,,,,,,,,,,,,,,,,,,,,,,,,,,,,,,,,,,,,,,,,,,,,,,,,,,,,,,,,,,,,,,,,,,,,,,,,,,,,,,,,,,,,,,,,,,,,,,,,,,,,,,,,,,,,,,,,,,,,,,,,,,,,,,,,,,,,,,,,,,,,,,,,,,,,,,,,,,,,,,,,,,,,,,,,,,,,,,,,,,,,,,,,,,,,,,,,,,,,,,,,,,,,,,,,,,,,,,,,,,,,,,,,,,,,,,,,,,,,,,,,,,,,,,,,,,,,,,,,,,,,,,,,,,,,,,,,,,,,,,,,,,,,,,,,,,,,,,,,,,,,,,,,,,,,,,,,,,,,,,,,,,,,,,,,,,,,,,,,,,,,,,,,,,,,,,,,,,,,,,,,,,,,,,,,,,,,,,,,,,,,,,,,,,,,,,,,,,,,,,,,,,,,,,,,,,,,,,,,,,,,,,,,,,,,,,,,,,,,,,,,,,,,,,,,,,,,,,,,,,,,,,,,,,,,,,,,,,,,,,,,,,,,,,,,,,,,,,,,,,,,,,,,,,,,,,,,,,,,,,,,,,,,,,,,,,,,,,,,,,,,,,,,,,,,,,,,,,,,,,,,,,,,,,,,,,,,,,,,,,,,,,,,,,,,,16.5,2
2023-11-07,Tuesday,weekday,17,"['17.44.00', '17.45.00', '17.46.00', '17.47.00', '17.48.00']",25,182.90914491201053,15,106.67887611918977,19,137.07900268823653,17,125.15908909765804,17,123.53718572571115,,,,,,,,,,,,,,,,,,,,,,,,,,,,,,,,,,,,,,,,,,,,,,,,,,,,,,,,,,,,,,,,,,,,,,,,,,,,,,,,,,,,,,,,,,,,,,,,,,,,,,,,,,,,,,,,,,,,,,,,,,,,,,,,,,,,,,,,,,,,,,,,,,,,,,,,,,,,,,,,,,,,,,,,,,,,,,,,,,,,,,,,,,,,,,,,,,,,,,,,,,,,,,,,,,,,,,,,,,,,,,,,,,,,,,,,,,,,,,,,,,,,,,,,,,,,,,,,,,,,,,,,,,,,,,,,,,,,,,,,,,,,,,,,,,,,,,,,,,,,,,,,,,,,,,,,,,,,,,,,,,,,,,,,,,,,,,,,,,,,,,,,,,,,,,,,,,,,,,,,,,,,,,,,,,,,,,,,,,,,,,,,,,,,,,,,,,,,,,,,,,,,,,,,,,,,,,,,,,,,,,,,,,,,,,,,,,,,,,,,,,,,,,,,,,,,,,,,,,,,,,,,,,,,,,,,,,,,,,,,,,,,,,,,,,,,,,,,,,,,,,,,,,,,,,,,,,,,,,,,,,,,,,,,,,,,,,,,,,,,,,,,,,,,,,,,,,,,,,,,,,,,,,,,,,,,,,,,,,,,,,,,,,,,,,,18.6,5
2023-11-07,Tuesday,weekday,21,"['21.29.00', '21.30.00']",15,112.32117712839197,15,114.26567154059596,,,,,,,,,,,,,,,,,,,,,,,,,,,,,,,,,,,,,,,,,,,,,,,,,,,,,,,,,,,,,,,,,,,,,,,,,,,,,,,,,,,,,,,,,,,,,,,,,,,,,,,,,,,,,,,,,,,,,,,,,,,,,,,,,,,,,,,,,,,,,,,,,,,,,,,,,,,,,,,,,,,,,,,,,,,,,,,,,,,,,,,,,,,,,,,,,,,,,,,,,,,,,,,,,,,,,,,,,,,,,,,,,,,,,,,,,,,,,,,,,,,,,,,,,,,,,,,,,,,,,,,,,,,,,,,,,,,,,,,,,,,,,,,,,,,,,,,,,,,,,,,,,,,,,,,,,,,,,,,,,,,,,,,,,,,,,,,,,,,,,,,,,,,,,,,,,,,,,,,,,,,,,,,,,,,,,,,,,,,,,,,,,,,,,,,,,,,,,,,,,,,,,,,,,,,,,,,,,,,,,,,,,,,,,,,,,,,,,,,,,,,,,,,,,,,,,,,,,,,,,,,,,,,,,,,,,,,,,,,,,,,,,,,,,,,,,,,,,,,,,,,,,,,,,,,,,,,,,,,,,,,,,,,,,,,,,,,,,,,,,,,,,,,,,,,,,,,,,,,,,,,,,,,,,,,,,,,,,,,,,,,,,,,,,,,,,,,,,15.0,2
2023-11-07,Tuesday,weekday,22,"['22.04.00', '22.05.00', '22.06.00']",15,164.92220310735473,17,151.29531621029875,18,149.21401114835453,,,,,,,,,,,,,,,,,,,,,,,,,,,,,,,,,,,,,,,,,,,,,,,,,,,,,,,,,,,,,,,,,,,,,,,,,,,,,,,,,,,,,,,,,,,,,,,,,,,,,,,,,,,,,,,,,,,,,,,,,,,,,,,,,,,,,,,,,,,,,,,,,,,,,,,,,,,,,,,,,,,,,,,,,,,,,,,,,,,,,,,,,,,,,,,,,,,,,,,,,,,,,,,,,,,,,,,,,,,,,,,,,,,,,,,,,,,,,,,,,,,,,,,,,,,,,,,,,,,,,,,,,,,,,,,,,,,,,,,,,,,,,,,,,,,,,,,,,,,,,,,,,,,,,,,,,,,,,,,,,,,,,,,,,,,,,,,,,,,,,,,,,,,,,,,,,,,,,,,,,,,,,,,,,,,,,,,,,,,,,,,,,,,,,,,,,,,,,,,,,,,,,,,,,,,,,,,,,,,,,,,,,,,,,,,,,,,,,,,,,,,,,,,,,,,,,,,,,,,,,,,,,,,,,,,,,,,,,,,,,,,,,,,,,,,,,,,,,,,,,,,,,,,,,,,,,,,,,,,,,,,,,,,,,,,,,,,,,,,,,,,,,,,,,,,,,,,,,,,,,,,,,,,,,,,,,,,,,,,,,,,,,,,,,,,,,,,16.67,3
2023-11-07,Tuesday,weekday,22,"['22.19.00', '22.20.00', '22.21.00']",16,121.66641265575493,21,170.0995609741651,21,176.9494413920601,,,,,,,,,,,,,,,,,,,,,,,,,,,,,,,,,,,,,,,,,,,,,,,,,,,,,,,,,,,,,,,,,,,,,,,,,,,,,,,,,,,,,,,,,,,,,,,,,,,,,,,,,,,,,,,,,,,,,,,,,,,,,,,,,,,,,,,,,,,,,,,,,,,,,,,,,,,,,,,,,,,,,,,,,,,,,,,,,,,,,,,,,,,,,,,,,,,,,,,,,,,,,,,,,,,,,,,,,,,,,,,,,,,,,,,,,,,,,,,,,,,,,,,,,,,,,,,,,,,,,,,,,,,,,,,,,,,,,,,,,,,,,,,,,,,,,,,,,,,,,,,,,,,,,,,,,,,,,,,,,,,,,,,,,,,,,,,,,,,,,,,,,,,,,,,,,,,,,,,,,,,,,,,,,,,,,,,,,,,,,,,,,,,,,,,,,,,,,,,,,,,,,,,,,,,,,,,,,,,,,,,,,,,,,,,,,,,,,,,,,,,,,,,,,,,,,,,,,,,,,,,,,,,,,,,,,,,,,,,,,,,,,,,,,,,,,,,,,,,,,,,,,,,,,,,,,,,,,,,,,,,,,,,,,,,,,,,,,,,,,,,,,,,,,,,,,,,,,,,,,,,,,,,,,,,,,,,,,,,,,,,,,,,,,,,,,,,19.33,3
2023-11-07,Tuesday,weekday,22,"['22.30.00', '22.31.00']",13,104.65703335120104,17,142.86099859035255,,,,,,,,,,,,,,,,,,,,,,,,,,,,,,,,,,,,,,,,,,,,,,,,,,,,,,,,,,,,,,,,,,,,,,,,,,,,,,,,,,,,,,,,,,,,,,,,,,,,,,,,,,,,,,,,,,,,,,,,,,,,,,,,,,,,,,,,,,,,,,,,,,,,,,,,,,,,,,,,,,,,,,,,,,,,,,,,,,,,,,,,,,,,,,,,,,,,,,,,,,,,,,,,,,,,,,,,,,,,,,,,,,,,,,,,,,,,,,,,,,,,,,,,,,,,,,,,,,,,,,,,,,,,,,,,,,,,,,,,,,,,,,,,,,,,,,,,,,,,,,,,,,,,,,,,,,,,,,,,,,,,,,,,,,,,,,,,,,,,,,,,,,,,,,,,,,,,,,,,,,,,,,,,,,,,,,,,,,,,,,,,,,,,,,,,,,,,,,,,,,,,,,,,,,,,,,,,,,,,,,,,,,,,,,,,,,,,,,,,,,,,,,,,,,,,,,,,,,,,,,,,,,,,,,,,,,,,,,,,,,,,,,,,,,,,,,,,,,,,,,,,,,,,,,,,,,,,,,,,,,,,,,,,,,,,,,,,,,,,,,,,,,,,,,,,,,,,,,,,,,,,,,,,,,,,,,,,,,,,,,,,,,,,,,,,,,,,,15.0,2
